,route_short_name,stop_id
0,12,4135
1,12,4136
2,12,4137
3,12,4138
4,12,4139
5,12,4140
6,12,4134
7,12,4133
8,12,4132
9,12,4131
10,12,4130
11,12,4129
12,12,4128
13,12,4127
14,12,4126
15,12,4084
16,12,4039
17,12,4124
18,12,4125
19,12,18185
20,12,18186
21,12,17906
22,12,17908
23,12,17910
24,12,17911
25,12,22152
26,12,17914
27,12,17915
28,12,18006
29,12,18051
30,12,19374
31,12,22100
32,12,19377
33,12,19379
34,12,19381
35,12,19382
36,12,19383
37,12,19384
38,12,19385
39,12,19386
200,12,19737
201,12,19736
202,12,19735
203,12,21966
204,12,19733
205,12,19732
206,12,19731
207,12,19729
208,12,19728
209,12,19726
210,12,17895
211,12,17896
212,12,17897
213,12,17898
214,12,22153
215,12,17901
216,12,17902
217,12,17903
218,12,17905
219,12,18196
220,12,18197
221,12,4324
222,12,4323
223,12,4331
224,12,4332
225,12,4333
226,12,4334
227,12,4384
228,12,4440
229,12,4441
230,12,4442
231,12,4443
232,12,4444
233,12,4449
234,12,4448
235,12,4447
236,12,4446
237,12,4445
1402,12,19369
1403,12,18184
8210,12,19304
8211,12,19721
30225,16,20595
30226,16,20593
30227,16,20591
30228,16,20589
30229,16,20573
30230,16,20571
30231,16,20568
30232,16,20567
30233,16,20565
30234,16,20563
30235,16,20561
30236,16,20559
30237,16,20557
30238,16,20555
30239,16,20553
30240,16,20551
30241,16,20549
30242,16,20547
30243,16,20545
30244,16,20543
30245,16,20541
30246,16,20539
30247,16,20537
30248,16,20535
30249,16,20533
30250,16,20531
30251,16,20529
30252,16,20527
30253,16,20525
30254,16,20523
30255,16,19018
30256,16,19017
30257,16,19016
30258,16,18468
30259,16,21060
30260,16,21059
30261,16,21058
30262,16,21057
30263,16,21042
30264,16,20648
30265,16,20647
30266,16,20599
30267,16,20598
30268,16,20597
30269,16,19115
30270,16,19118
30271,16,19119
30272,16,19135
30273,16,19136
30274,16,20518
30275,16,20514
30276,16,20512
30277,16,20511
30278,16,20509
30279,16,22112
30280,16,22110
30281,16,19568
30282,16,19569
30283,16,19571
30284,16,19572
30285,16,19573
30286,16,19574
30287,16,19575
30288,16,19676
30289,16,19678
30290,16,19679
30291,16,19681
30292,16,19684
30293,16,19685
30294,16,19686
30295,16,19687
30296,16,19689
30297,16,19691
30298,16,19693
30299,16,19694
30300,16,19696
30377,16,19489
30378,16,19491
30379,16,19492
30380,16,19494
30381,16,19495
30382,16,19497
30383,16,19498
30384,16,19499
30385,16,19500
30386,16,19502
30387,16,19504
30388,16,19505
30389,16,19528
30390,16,19539
30391,16,19560
30392,16,19561
30393,16,19562
30394,16,19563
30395,16,19565
30396,16,19566
30397,16,22109
30398,16,22111
30399,16,20508
30400,16,20510
30401,16,20513
30402,16,20515
30403,16,20519
30404,16,18625
30405,16,18624
30406,16,18623
30407,16,18620
30408,16,18619
30409,16,18632
30410,16,18633
30411,16,18634
30412,16,18635
30413,16,18636
30414,16,18637
30415,16,18638
30416,16,18639
30417,16,18640
30418,16,18641
30419,16,18645
30420,16,18430
30421,16,18431
30422,16,18432
30423,16,20524
30424,16,20526
30425,16,20528
30426,16,20530
30427,16,20532
30428,16,20534
30429,16,20536
30430,16,20538
30431,16,20540
30432,16,20542
30433,16,20544
30434,16,20546
30435,16,20548
30436,16,20550
30437,16,20552
30438,16,20554
30439,16,20556
30440,16,20558
30441,16,20560
30442,16,20562
30443,16,20564
30444,16,20566
30445,16,20569
30446,16,20570
30447,16,20572
30448,16,20584
30449,16,20590
30450,16,20592
30451,16,20594
82284,19,17850
82285,19,17851
82286,19,17852
82287,19,17854
82288,19,17856
82289,19,17866
82290,19,17867
82291,19,16736
82292,19,16735
82293,19,16734
82294,19,16733
82295,19,16732
82296,19,16731
82297,19,16730
82298,19,16728
82299,19,16727
82300,19,16726
82301,19,16725
82302,19,16724
82303,19,16723
82304,19,16722
82305,19,16721
82306,19,16720
82307,19,16719
82308,19,21961
82309,19,16717
82310,19,16716
82311,19,16715
82312,19,16714
82313,19,16713
82314,19,2113
82315,19,1784
82316,19,1292
82317,19,378
82318,19,17306
82320,19,17307
82321,19,17308
82322,19,17309
82323,19,17310
82324,19,17311
82325,19,17312
82326,19,17313
82327,19,17314
82328,19,17315
82329,19,17316
82330,19,17317
82331,19,17318
82332,19,17319
82333,19,17320
82334,19,17321
82335,19,17322
82336,19,17323
82337,19,17324
82338,19,17325
82339,19,21962
82340,19,17327
82341,19,17329
82342,19,17330
82343,19,17331
82344,19,17332
82345,19,17333
82346,19,17334
82347,19,17335
82348,19,17868
82349,19,17869
82350,19,17871
82351,19,17873
82352,19,17875
82353,19,17876
82354,19,17877
158230,48,18566
158231,48,18567
158232,48,18568
158233,48,18569
158234,48,18570
158235,48,18571
158236,48,20895
158237,48,18574
158238,48,18575
158239,48,18576
158240,48,18577
158241,48,18578
158242,48,18579
158243,48,18580
158244,48,18581
158245,48,18582
158246,48,18583
158247,48,18584
158248,48,19745
158249,48,19744
158250,48,19742
158251,48,18588
158252,48,18589
158253,48,22561
158254,48,19714
158255,48,19715
158256,48,19716
158257,48,19717
158258,48,19718
158259,48,19719
158260,48,19734
158261,48,18099
158262,48,18100
158263,48,18102
158264,48,18103
158265,48,18104
158266,48,17898
158267,48,22153
158268,48,17901
158269,48,17902
158270,48,17903
158271,48,17905
158272,48,43472
158273,48,43473
158274,48,43480
158275,48,43474
158276,48,47493
159078,48,43475
159079,48,43476
159080,48,43477
159081,48,17906
159082,48,17908
159083,48,17910
159084,48,17911
159085,48,22152
159086,48,17914
159087,48,18093
159088,48,18094
159089,48,18095
159090,48,18097
159091,48,18098
159092,48,19706
159093,48,19708
159094,48,19709
159095,48,19710
159096,48,19711
159097,48,19712
159098,48,19713
159099,48,22560
159100,48,18341
159101,48,18342
159102,48,18343
159103,48,19393
159104,48,19394
159105,48,19395
159106,48,18347
159107,48,18348
159108,48,18349
159109,48,18350
159110,48,18351
159111,48,18352
159112,48,18353
159113,48,18354
159114,48,18355
159115,48,18356
159116,48,18357
159117,48,18359
159118,48,18360
159119,48,18361
159120,48,18362
159121,48,18363
223936,57,17944
223937,57,22320
223938,57,17917
223939,57,15559
223940,57,13995
223941,57,4945
223942,57,1083
223943,57,992
223944,57,17935
223945,57,17936
223946,57,17937
223947,57,17938
223948,57,17945
223949,57,17946
223950,57,17948
223951,57,17949
223952,57,17950
223953,57,17951
223954,57,17952
223955,57,17953
223956,57,17954
223957,57,17955
223958,57,17956
223959,57,17957
223960,57,17958
223961,57,17959
223962,57,17961
223963,57,18058
223964,57,18059
223965,57,18060
223966,57,18061
223967,57,19250
223968,57,19251
223969,57,17861
223970,57,17862
223971,57,17863
223972,57,17864
223973,57,17871
223974,57,17873
223975,57,17875
223976,57,17876
223977,57,17877
224329,57,17850
224330,57,17851
224331,57,17852
224332,57,17854
224333,57,17856
224334,57,17857
224335,57,17858
224336,57,17859
224337,57,17860
224338,57,19590
224339,57,19589
224340,57,18541
224341,57,18540
224342,57,18539
224343,57,18538
224344,57,18536
224345,57,19595
224346,57,18533
224347,57,18532
224348,57,18531
224349,57,18530
224350,57,18529
224351,57,18528
224352,57,18527
224353,57,18526
224354,57,18525
224355,57,18524
224356,57,18522
224357,57,18521
224358,57,18520
224359,57,18519
224360,57,18516
224361,57,18517
224362,57,18518
224363,57,18485
224364,57,18486
224365,57,18487
224366,57,18488
224367,57,18489
224368,57,18490
224369,57,18491
294298,109,19725
294299,109,19372
294300,109,19371
294301,109,19370
294302,109,19369
294303,109,18184
294304,109,18185
294305,109,18186
294306,109,17906
294307,109,17908
294308,109,17910
294309,109,17911
294310,109,22152
294311,109,17914
294312,109,17915
294313,109,18006
294314,109,18051
294315,109,19374
294316,109,22100
294317,109,19377
294318,109,19379
294319,109,19381
294320,109,19382
294321,109,19383
294322,109,19384
294323,109,19385
294324,109,19386
294325,109,19387
294326,109,19389
294327,109,19391
294328,109,19393
294329,109,19394
294330,109,19395
294331,109,19396
294332,109,19397
294333,109,19398
294334,109,19399
294335,109,19400
294336,109,19401
294337,109,19402
294338,109,19403
294339,109,19404
294340,109,19405
294341,109,19406
294342,109,19407
294343,109,19408
294344,109,19409
294345,109,19410
294346,109,19411
294347,109,19412
294348,109,19413
294349,109,19414
294350,109,19416
294351,109,19417
294352,109,19418
294353,109,19419
294354,109,19781
295211,109,19782
295212,109,19783
295213,109,19784
295214,109,19785
295215,109,19786
295216,109,18738
295217,109,18479
295218,109,18737
295219,109,18736
295220,109,18735
295221,109,18734
295222,109,18733
295223,109,18732
295224,109,18710
295225,109,19778
295226,109,19753
295227,109,19752
295228,109,19751
295229,109,19750
295230,109,19749
295231,109,19748
295232,109,19747
295233,109,19746
295234,109,19745
295235,109,19744
295236,109,19742
295237,109,19740
295238,109,19738
295239,109,19737
295240,109,19736
295241,109,19735
295242,109,21966
295243,109,19733
295244,109,19732
295245,109,19731
295246,109,19729
295247,109,19728
295248,109,19726
295249,109,17895
295250,109,17896
295251,109,17897
295252,109,17898
295253,109,22153
295254,109,17901
295255,109,17902
295256,109,17903
295257,109,17905
295258,109,18196
295259,109,18197
295260,109,19304
295261,109,19721
295262,109,19722
295263,109,19723
295264,109,19724
386240,59,19482
386241,59,19481
386242,59,19480
386243,59,19479
386244,59,19478
386245,59,19477
386246,59,19475
386247,59,22305
386248,59,21196
386249,59,19473
386250,59,19472
386251,59,19471
386252,59,19470
386253,59,19469
386254,59,19468
386255,59,19467
386256,59,19376
386257,59,19277
386258,59,19276
386259,59,19275
386260,59,19274
386261,59,20775
386262,59,19272
386263,59,19271
386264,59,19270
386265,59,19269
386266,59,19268
386267,59,19267
386268,59,19266
386269,59,19265
386270,59,19264
386271,59,19263
386272,59,19262
386273,59,19261
386274,59,19260
386275,59,19259
386276,59,17959
386277,59,19256
386278,59,20482
386279,59,19253
386280,59,17869
386281,59,17871
386282,59,17873
386283,59,17875
386284,59,17876
386285,59,17877
386286,59,17850
386287,59,17851
386288,59,17852
386289,59,17854
386290,59,17856
386291,59,17866
386292,59,19591
386293,59,19699
386294,59,19594
386295,59,19595
386296,59,19597
386297,59,19598
386298,59,19599
386299,59,19600
386300,59,19601
386301,59,19602
386302,59,19603
386303,59,19604
386304,59,19605
386305,59,19606
386306,59,19608
386307,59,19609
386308,59,19623
386309,59,19624
386310,59,19625
386311,59,19626
386312,59,19627
386313,59,19628
386314,59,19657
386315,59,19658
386316,59,19659
386317,59,19660
386318,59,19661
386319,59,19662
386320,59,19663
386321,59,19664
386322,59,19665
386323,59,19666
386324,59,19667
386325,59,20774
386326,59,19669
386327,59,19670
386328,59,19671
386329,59,19672
386330,59,19673
386331,59,19674
386332,59,19675
469810,78,18622
469811,78,18621
469812,78,18618
469813,78,18617
469814,78,18616
469815,78,18615
469816,78,18614
469817,78,18613
469818,78,18612
469819,78,18611
469820,78,18610
469821,78,18609
469822,78,18608
469823,78,18607
469824,78,18606
469825,78,18605
469826,78,18603
469827,78,18602
469828,78,18601
469829,78,18599
469830,78,18598
469831,78,18597
469832,78,18596
469833,78,18595
469834,78,18594
469835,78,18593
469836,78,18592
469837,78,18591
470343,78,19087
470344,78,19088
470345,78,19089
470346,78,19090
470347,78,19091
470348,78,19092
470349,78,19093
470350,78,19094
470351,78,19095
470352,78,19096
470353,78,19097
470354,78,19098
470355,78,19100
470356,78,19101
470357,78,19102
470358,78,19103
470359,78,19104
470360,78,19105
470361,78,19106
470362,78,19107
470363,78,19108
470364,78,19109
470365,78,19110
470366,78,19111
470367,78,19112
470368,78,19113
470369,78,19116
502870,35,18038
502871,35,18039
502872,35,18052
502873,35,18053
502874,35,18054
502875,35,18055
502876,35,18056
502877,35,21231
502878,35,21234
502879,35,18087
502880,35,18089
502881,35,18090
502882,35,18091
502883,35,18092
502884,35,20979
502885,35,17892
502886,35,18010
502887,35,18011
502888,35,18030
502889,35,18031
502890,35,18032
502891,35,18033
502892,35,18035
502893,35,20981
502894,35,18183
502895,35,18037
503008,35,18040
503009,35,18041
503010,35,18042
503011,35,18043
503012,35,18044
503013,35,18045
503014,35,18046
503015,35,18047
503016,35,18048
503017,35,18049
503018,35,18050
503019,35,17880
503021,35,18105
503022,35,18174
503023,35,18175
503024,35,18176
503025,35,18178
503026,35,21233
503027,35,21232
503028,35,18179
503029,35,18180
503030,35,18181
503031,35,18182
512670,30,18052
512671,30,18040
512672,30,18041
512673,30,18042
512674,30,18043
512675,30,18044
512676,30,18045
512677,30,18046
512678,30,18047
512679,30,18048
512680,30,18049
512681,30,18050
512682,30,18051
512683,30,17895
512684,30,18009
512685,30,18010
512686,30,18011
512687,30,18030
512688,30,18031
512689,30,18032
512690,30,18033
512691,30,18035
512692,30,20981
512693,30,18183
522088,5,1575
522089,5,1696
522090,5,1789
522091,5,2232
522092,5,7354
522093,5,8345
522094,5,9156
522095,5,10311
522096,5,10371
522097,5,11285
522098,5,12599
522099,5,18441
522100,5,18443
522101,5,18444
522102,5,18445
522103,5,18446
522104,5,18447
522105,5,18448
522106,5,18449
522107,5,19567
522108,5,19568
522109,5,19569
522110,5,19571
522111,5,19572
522112,5,19573
522113,5,19574
522114,5,19575
522115,5,19676
522116,5,19678
522117,5,19679
522118,5,19681
522119,5,19684
522120,5,19685
522121,5,19686
522122,5,19687
522123,5,19689
522124,5,19691
522125,5,19693
522126,5,19694
522127,5,19696
522128,5,19027
522129,5,398
522130,5,409
522131,5,940
522132,5,946
522133,5,947
522134,5,950
522135,5,955
522136,5,968
522137,5,980
522138,5,1185
522139,5,1291
522324,5,19489
522325,5,19491
522326,5,19492
522327,5,19494
522328,5,19495
522329,5,19497
522330,5,19498
522331,5,19499
522332,5,19500
522333,5,19502
522334,5,19504
522335,5,19505
522336,5,19528
522337,5,19539
522338,5,19560
522339,5,19561
522340,5,19562
522341,5,19563
522342,5,19565
522343,5,19566
522344,5,19035
522345,5,19034
522346,5,19033
522347,5,19032
522348,5,19031
522349,5,19030
522350,5,19029
522351,5,19028
542642,70,18038
542643,70,18039
542644,70,18052
542645,70,18053
542646,70,18054
542647,70,18055
542648,70,18056
542649,70,21231
542650,70,21234
542651,70,18087
542652,70,18089
542653,70,18090
542654,70,18091
542655,70,22903
542656,70,18108
542657,70,18116
542658,70,18118
542659,70,19466
542660,70,19465
542661,70,19464
542662,70,19463
542663,70,19462
542664,70,19461
542665,70,19460
542666,70,19459
542667,70,19458
542668,70,19457
542669,70,19456
542670,70,19454
542671,70,19452
542672,70,19451
542673,70,19450
542674,70,19449
542675,70,19448
542676,70,19447
542677,70,19446
542678,70,19445
542679,70,19444
542680,70,19443
542681,70,19442
542682,70,19441
542683,70,19440
542684,70,19439
542685,70,19438
542686,70,19436
542687,70,19435
542688,70,19434
542689,70,19433
542690,70,19432
542691,70,19431
542692,70,19430
542693,70,19429
542694,70,19428
542695,70,19427
542696,70,19426
542697,70,19425
542698,70,19424
542699,70,19423
542700,70,19422
542701,70,19421
546423,70,19779
546424,70,19777
546425,70,19776
546426,70,19775
546427,70,19774
546428,70,19773
546429,70,19772
546430,70,19771
546431,70,19770
546432,70,19769
546433,70,19768
546434,70,19767
546435,70,19766
546436,70,19765
546437,70,19764
546438,70,19763
546439,70,19762
546440,70,19761
546441,70,19760
546442,70,19759
546443,70,19758
546444,70,19757
546445,70,19756
546446,70,19755
546447,70,19754
546448,70,19303
546449,70,19302
546450,70,19301
546451,70,19300
546452,70,19299
546453,70,19298
546454,70,19297
546455,70,19296
546456,70,19295
546457,70,19294
546458,70,19283
546459,70,19282
546460,70,19281
546461,70,19280
546462,70,19279
546463,70,19278
546464,70,18155
546465,70,18161
546466,70,18172
546467,70,22904
546468,70,18174
546469,70,18175
546470,70,18176
546471,70,18178
546472,70,21233
546473,70,21232
546474,70,18179
546475,70,18180
546476,70,18181
546477,70,18182
546478,70,18183
546479,70,18037
552151,11,47493
552152,11,43474
552153,11,43475
552154,11,43476
552155,11,43477
552156,11,17906
552157,11,17908
552158,11,17910
552159,11,17911
552160,11,22152
552161,11,17914
552162,11,17915
552163,11,18006
552164,11,18051
552165,11,4141
552166,11,4142
552167,11,4143
552168,11,4144
552169,11,4145
552170,11,4146
552171,11,4147
552172,11,4148
552173,11,4149
552174,11,4150
552175,11,4151
552176,11,4152
552177,11,4153
552178,11,4154
552179,11,4155
552180,11,4156
552181,11,4157
552182,11,4158
552183,11,4159
552184,11,4160
552185,11,4161
552186,11,4162
552187,11,4163
552188,11,4164
552189,11,4165
552190,11,4166
552191,11,4167
552192,11,4168
552193,11,4169
552194,11,4170
552195,11,4171
552196,11,4172
552197,11,4173
552198,11,4484
552872,11,4483
552873,11,4482
552874,11,4481
552875,11,4480
552876,11,4479
552877,11,4478
552878,11,4477
552879,11,4476
552880,11,4475
552881,11,4473
552882,11,4474
552883,11,4472
552884,11,4471
552885,11,4470
552886,11,4469
552887,11,4468
552888,11,4466
552889,11,4465
552890,11,4464
552891,11,4463
552892,11,4462
552893,11,4461
552894,11,4460
552895,11,22559
552896,11,4458
552897,11,4457
552898,11,4456
552899,11,4455
552900,11,4454
552901,11,4453
552902,11,4452
552903,11,4451
552904,11,4450
552905,11,17895
552906,11,17896
552907,11,17897
552908,11,17898
552909,11,22153
552910,11,17901
552911,11,17902
552912,11,17903
552913,11,17905
552914,11,43472
552915,11,43473
552916,11,43480
626887,58,18086
626888,58,18085
626889,58,18084
626890,58,18083
626891,58,49275
626892,58,18081
626893,58,18079
626894,58,18078
626895,58,18077
626896,58,18076
626897,58,18075
626898,58,49276
626899,58,18072
626900,58,18071
626901,58,18069
626902,58,18068
626903,58,18067
626904,58,18066
626905,58,18065
626906,58,18064
626907,58,19256
626908,58,20482
626909,58,19253
626910,58,20491
626911,58,20492
626912,58,18204
626913,58,18205
626914,58,18208
626915,58,18210
626916,58,18211
626917,58,18214
626918,58,18215
626919,58,22612
626920,58,18217
626921,58,18218
626922,58,18219
626923,58,49999
626924,58,52113
626925,58,19322
626926,58,19323
626927,58,19325
626928,58,19326
626929,58,19327
626930,58,19328
626931,58,19329
626932,58,19330
626933,58,19331
626934,58,19332
626935,58,19333
626936,58,19334
626937,58,19335
626938,58,19336
626939,58,19338
627304,58,18786
627305,58,18785
627306,58,18784
627307,58,18783
627308,58,18782
627309,58,18781
627310,58,18709
627311,58,18708
627312,58,18707
627313,58,18706
627314,58,18705
627315,58,18704
627316,58,18703
627317,58,18700
627318,58,18699
627319,58,52112
627320,58,19676
627321,58,18221
627322,58,18222
627323,58,18223
627324,58,18233
627325,58,18450
627326,58,18465
627327,58,18469
627328,58,18199
627329,58,18201
627330,58,18206
627331,58,18203
627332,58,20493
627333,58,20490
627334,58,19591
627335,58,19699
627336,58,19594
627337,58,18544
627338,58,18545
627339,58,18546
627340,58,18547
627341,58,18548
627342,58,49277
627343,58,18550
627344,58,18551
627345,58,18553
627346,58,18554
627347,58,18555
627348,58,18556
627349,58,18557
627350,58,49278
627351,58,18560
627352,58,49279
627353,58,49280
627354,58,18563
627355,58,18564
710496,72,19489
710497,72,19491
710498,72,19492
710499,72,19494
710500,72,19495
710501,72,19497
710502,72,19498
710503,72,19499
710504,72,19500
710505,72,19502
710506,72,19504
710507,72,19505
710508,72,19528
710509,72,19539
710510,72,19560
710511,72,19561
710512,72,18899
710513,72,18918
710514,72,18923
710515,72,18931
710516,72,18933
710517,72,18934
710518,72,18935
710519,72,18936
710520,72,18937
710521,72,18938
710522,72,18939
710523,72,18940
710524,72,18941
710525,72,18942
710526,72,18943
710527,72,18944
710528,72,18945
710529,72,18946
710530,72,18947
710531,72,18948
710532,72,18949
710533,72,18950
710534,72,18951
710535,72,18952
710536,72,18953
710537,72,18954
710538,72,18955
710539,72,18956
710540,72,18957
710541,72,18958
710542,72,18959
710543,72,18960
710544,72,18961
710545,72,18962
710546,72,18964
710547,72,18965
710548,72,18966
710549,72,18967
710550,72,18968
710551,72,18969
710552,72,18970
710553,72,18971
710554,72,18972
710555,72,19036
715957,72,19037
715958,72,19038
715959,72,19039
715960,72,19040
715961,72,19041
715962,72,19042
715963,72,19043
715964,72,19044
715965,72,19046
715966,72,19047
715967,72,19048
715968,72,19049
715969,72,19050
715970,72,19051
715971,72,19052
715972,72,19053
715973,72,19054
715974,72,19056
715975,72,19057
715976,72,19058
715977,72,19059
715978,72,19060
715979,72,19061
715980,72,19062
715981,72,19063
715982,72,19064
715983,72,19065
715984,72,19066
715985,72,19067
715986,72,19068
715987,72,19069
715988,72,19123
715989,72,19124
715990,72,19125
715991,72,19126
715992,72,19127
715993,72,19128
715994,72,19129
715995,72,19130
715996,72,19131
715997,72,19132
715998,72,19133
715999,72,19573
716000,72,19574
716001,72,19575
716002,72,19676
716003,72,19678
716004,72,19679
716005,72,19681
716006,72,19684
716007,72,19685
716008,72,19686
716009,72,19687
716010,72,19689
716011,72,19691
716012,72,19693
716013,72,19694
716014,72,19696
1140623,6,19362
1140624,6,19361
1140625,6,19360
1140626,6,19359
1140627,6,19358
1140628,6,19356
1140629,6,19355
1140630,6,19354
1140631,6,19353
1140632,6,19352
1140633,6,19351
1140634,6,19350
1140635,6,19349
1140636,6,19348
1140637,6,19346
1140638,6,19345
1140639,6,19344
1140640,6,19343
1140641,6,19342
1140642,6,19341
1140643,6,19340
1140644,6,19489
1140645,6,19491
1140646,6,19492
1140647,6,19494
1140648,6,19495
1140649,6,19497
1140650,6,19498
1140651,6,19499
1140652,6,19500
1140653,6,19502
1140654,6,19504
1140655,6,19505
1140656,6,19528
1140657,6,19539
1140658,6,19560
1140659,6,19561
1140660,6,19562
1140661,6,19563
1140662,6,13401
1140663,6,14033
1140664,6,14614
1140665,6,14728
1140666,6,15699
1140667,6,16610
1140668,6,16718
1140669,6,16738
1140670,6,16739
1140671,6,16740
1140672,6,16741
1140673,6,16742
1140674,6,16743
1140675,6,16744
1140676,6,16745
1140677,6,16746
1140678,6,16747
1140679,6,16748
1140680,6,16749
1140681,6,16750
1140682,6,16751
1140683,6,16752
1140684,6,16753
1140685,6,16754
1140686,6,16755
1140687,6,16757
1142249,6,16758
1142250,6,16759
1142251,6,16760
1142252,6,16761
1142253,6,16762
1142254,6,16764
1142255,6,16765
1142256,6,16766
1142257,6,16767
1142258,6,16768
1142259,6,16769
1142260,6,16770
1142261,6,16771
1142262,6,16772
1142263,6,16773
1142264,6,16774
1142265,6,16775
1142266,6,16776
1142267,6,16777
1142268,6,16778
1142269,6,17602
1142270,6,17603
1142271,6,17604
1142272,6,17605
1142273,6,17606
1142274,6,19571
1142275,6,19572
1142276,6,19573
1142277,6,19574
1142278,6,19575
1142279,6,19676
1142280,6,19678
1142281,6,19679
1142282,6,19681
1142283,6,19684
1142284,6,19685
1142285,6,19686
1142286,6,19687
1142287,6,19689
1142288,6,19691
1142289,6,19693
1142290,6,19694
1142291,6,19696
1142292,6,18789
1142293,6,18790
1142294,6,18791
1142295,6,18792
1142296,6,18793
1142297,6,18794
1142298,6,18795
1142299,6,18712
1142300,6,18713
1142301,6,18714
1142302,6,18715
1142303,6,18716
1142304,6,18717
1142305,6,18718
1142306,6,18719
1142307,6,18720
1142308,6,18721
1142309,6,18722
1142310,6,18723
1142311,6,18724
1142312,6,18725
1191248,96,17849
1191249,96,17885
1191250,96,17886
1191251,96,17887
1191252,96,17888
1191253,96,17889
1191254,96,17891
1191255,96,17892
1191256,96,17894
1191257,96,6133
1191258,96,6135
1191259,96,6136
1191260,96,6137
1191261,96,6138
1191262,96,6140
1191263,96,6141
1191264,96,6142
1191265,96,6143
1191266,96,6144
1191267,96,6145
1191268,96,6147
1191291,96,6071
1191292,96,6070
1191293,96,6069
1191294,96,6068
1191295,96,6067
1191296,96,6066
1191297,96,6064
1191298,96,6063
1191299,96,6062
1191300,96,6061
1191301,96,6059
1191302,96,17878
1191303,96,17880
1191304,96,17882
1191305,96,17591
1191306,96,17593
1191307,96,17594
1191308,96,17596
1191309,96,17597
1191310,96,17848
1191311,96,18194
1191312,96,18196
1191313,96,18197
1191314,96,19304
1191315,96,20494
1191316,96,20496
1191317,96,20498
1191318,96,20500
1191319,96,20502
1191320,96,20504
1191321,96,20506
1191322,96,20508
1191323,96,20510
1191324,96,20513
1191325,96,20515
1191326,96,20519
1191327,96,20522
1191425,96,20520
1191426,96,20518
1191427,96,20514
1191428,96,20512
1191429,96,20511
1191430,96,20509
1191431,96,20507
1191432,96,20505
1191433,96,20503
1191434,96,20501
1191435,96,20499
1191436,96,20497
1191437,96,20495
1191438,96,18184
1191439,96,18185
1191440,96,18186
1191441,96,18187
1259130,86,4174
1259131,86,4485
1259132,86,4486
1259133,86,4487
1259134,86,4488
1259135,86,4489
1259136,86,4490
1259137,86,4491
1259138,86,4492
1259139,86,4493
1259140,86,4494
1259141,86,4495
1259142,86,4496
1259143,86,4497
1259144,86,4498
1259145,86,4499
1259146,86,4500
1259147,86,4501
1259148,86,4502
1259149,86,4503
1259150,86,4504
1259151,86,4505
1259152,86,4506
1259153,86,4507
1259154,86,4508
1259155,86,4510
1259156,86,4511
1259157,86,4512
1259158,86,6103
1259159,86,6104
1259160,86,6105
1259161,86,6106
1259162,86,6107
1259163,86,6108
1259164,86,6109
1259165,86,6110
1259166,86,6111
1259167,86,6112
1259168,86,6113
1259169,86,6114
1259170,86,6115
1259171,86,6118
1259172,86,6119
1259173,86,6120
1259174,86,6121
1259175,86,6122
1259176,86,6123
1259177,86,6124
1259178,86,6125
1259179,86,6126
1259180,86,6127
1259181,86,6128
1259182,86,6129
1259183,86,6130
1259184,86,6131
1259185,86,6132
1259186,86,17878
1259187,86,17880
1259188,86,17882
1259189,86,17591
1259190,86,17593
1259191,86,17594
1259192,86,17596
1259193,86,17597
1259194,86,17848
1259195,86,18189
1259196,86,18190
1259197,86,20981
1259198,86,18183
1259199,86,18037
1259200,86,18038
1266302,86,18039
1266303,86,18052
1266304,86,18040
1266305,86,18041
1266306,86,18192
1266307,86,17849
1266308,86,17885
1266309,86,17886
1266310,86,17887
1266311,86,17888
1266312,86,17889
1266313,86,17891
1266314,86,17892
1266315,86,17894
1266316,86,6058
1266317,86,6057
1266318,86,6056
1266319,86,6054
1266320,86,6053
1266321,86,6052
1266322,86,6051
1266323,86,6050
1266324,86,6049
1266325,86,6048
1266326,86,6047
1266327,86,6046
1266328,86,6045
1266329,86,6044
1266330,86,6041
1266331,86,6040
1266332,86,6039
1266333,86,6038
1266334,86,6037
1266335,86,6036
1266336,86,6035
1266337,86,6034
1266338,86,20980
1266339,86,6032
1266340,86,4206
1266341,86,4205
1266342,86,4204
1266343,86,4203
1266344,86,4202
1266345,86,4201
1266346,86,4199
1266347,86,4198
1266348,86,4197
1266349,86,4196
1266350,86,4195
1266351,86,4193
1266352,86,4192
1266353,86,4191
1266354,86,4190
1266355,86,4189
1266356,86,4188
1266357,86,4187
1266358,86,4186
1266359,86,4185
1266360,86,4183
1266361,86,4182
1266362,86,4181
1266363,86,4180
1266364,86,4179
1266365,86,4178
1266366,86,4177
1266367,86,4176
1266368,86,4175
1470162,75,21127
1470163,75,21126
1470164,75,21123
1470165,75,21121
1470166,75,21119
1470167,75,21117
1470168,75,21116
1470169,75,21114
1470170,75,21112
1470171,75,21109
1470172,75,21108
1470173,75,21105
1470174,75,21104
1470175,75,21102
1470176,75,21100
1470177,75,21098
1470178,75,21096
1470179,75,21094
1470180,75,21092
1470181,75,21090
1470182,75,21088
1470183,75,21086
1470184,75,21084
1470185,75,21082
1470186,75,21079
1470187,75,21077
1470188,75,21075
1470189,75,21073
1470190,75,21071
1470191,75,21069
1470192,75,21067
1470193,75,21065
1470194,75,21063
1470195,75,21964
1470196,75,19759
1470197,75,19758
1470198,75,19757
1470199,75,19756
1470200,75,19755
1470201,75,19754
1470202,75,19303
1470203,75,19302
1470204,75,19301
1470205,75,19300
1470206,75,19299
1470207,75,20785
1470208,75,20782
1470209,75,20780
1470210,75,20779
1470211,75,22561
1470212,75,19714
1470213,75,19715
1470214,75,19716
1470215,75,19717
1470216,75,19718
1470217,75,19719
1470218,75,19734
1470219,75,18099
1470220,75,18100
1470221,75,18102
1470222,75,18103
1470223,75,18104
1470224,75,18105
1470225,75,18174
1470226,75,18175
1470227,75,18176
1470228,75,18178
1470229,75,21233
1470230,75,21232
1470231,75,18179
1470232,75,18180
1470233,75,18181
1470234,75,18182
1470235,75,18183
1476105,75,18052
1476106,75,18053
1476107,75,18054
1476108,75,18055
1476109,75,18056
1476110,75,21231
1476111,75,21234
1476112,75,18087
1476113,75,18089
1476114,75,18090
1476115,75,18091
1476116,75,18092
1476117,75,18093
1476118,75,18094
1476119,75,18095
1476120,75,18097
1476121,75,18098
1476122,75,19706
1476123,75,19708
1476124,75,19709
1476125,75,19710
1476126,75,19711
1476127,75,19712
1476128,75,19713
1476129,75,22560
1476130,75,20778
1476131,75,20781
1476132,75,20783
1476133,75,20784
1476134,75,19454
1476135,75,19452
1476136,75,19451
1476137,75,19450
1476138,75,19449
1476139,75,19448
1476140,75,19447
1476141,75,19446
1476142,75,19445
1476143,75,19444
1476144,75,19443
1476145,75,19442
1476146,75,21061
1476147,75,21062
1476148,75,21064
1476149,75,21066
1476150,75,21068
1476151,75,21070
1476152,75,21072
1476153,75,21074
1476154,75,21076
1476155,75,21078
1476156,75,21080
1476157,75,21081
1476158,75,21083
1476159,75,21085
1476160,75,21087
1476161,75,21089
1476162,75,21091
1476163,75,21093
1476164,75,21095
1476165,75,21097
1476166,75,21099
1476167,75,21101
1476168,75,21103
1476169,75,21106
1476170,75,21107
1476171,75,21110
1476172,75,21111
1476173,75,21113
1476174,75,21115
1476175,75,21118
1476176,75,21120
1476177,75,21122
1476178,75,21124
1476179,75,21125
1685263,82,17934
1685264,82,17933
1685265,82,17932
1685266,82,17931
1685267,82,17930
1685268,82,17929
1685269,82,17928
1685270,82,17927
1685271,82,17926
1685272,82,17925
1685273,82,17924
1685274,82,17923
1685275,82,17922
1685276,82,17921
1685277,82,17920
1685278,82,17919
1685279,82,17918
1685280,82,17917
1685281,82,15559
1685282,82,13995
1685283,82,4945
1685284,82,1083
1685285,82,992
1685286,82,17935
1685287,82,17936
1685288,82,17937
1685289,82,17938
1685290,82,17940
1685291,82,17941
1685292,82,17942
1685293,82,19608
1687526,82,19269
1687527,82,18511
1687528,82,18512
1687529,82,18513
1687530,82,18515
1687531,82,18516
1687532,82,18517
1687533,82,18518
1687534,82,18485
1687535,82,18486
1687536,82,18487
1687537,82,18488
1687538,82,18489
1687539,82,18490
1687540,82,46823
1687541,82,18492
1687542,82,18493
1687543,82,18494
1687544,82,18495
1687545,82,18496
1687546,82,18497
1687547,82,18498
1687548,82,18499
1687549,82,18500
1687550,82,18501
1687551,82,18505
1687552,82,18506
1687553,82,18507
1687554,82,18508
1687555,82,18509
2172529,67,18411
2172530,67,18410
2172531,67,18409
2172532,67,18408
2172533,67,18407
2172534,67,18406
2172535,67,18405
2172536,67,18404
2172537,67,18403
2172538,67,18401
2172539,67,18400
2172540,67,18399
2172541,67,18398
2172542,67,18397
2172543,67,18396
2172544,67,18395
2172545,67,18394
2172546,67,18393
2172547,67,18392
2172548,67,18376
2172549,67,18375
2172550,67,18374
2172551,67,18373
2172552,67,18372
2172553,67,18371
2172554,67,18370
2172555,67,18369
2172556,67,18368
2172557,67,18367
2172558,67,18365
2172559,67,18364
2172560,67,21963
2172561,67,19698
2172562,67,19700
2172563,67,19702
2172564,67,19704
2172565,67,19568
2172566,67,19569
2172567,67,19571
2172568,67,19572
2172569,67,19573
2172570,67,19574
2172571,67,19575
2172572,67,19676
2172573,67,19678
2172574,67,19679
2172575,67,19681
2172576,67,19684
2172577,67,19685
2172578,67,19686
2172579,67,19687
2172580,67,19689
2172581,67,19691
2172582,67,19693
2172583,67,19694
2172584,67,19696
2172641,67,19072
2172642,67,19073
2172643,67,19074
2172644,67,19075
2172645,67,19076
2172646,67,19077
2172647,67,19078
2172648,67,19079
2172649,67,19081
2172650,67,19082
2172651,67,19083
2172652,67,19084
2172653,67,19085
2172654,67,19086
2172671,67,19489
2172672,67,19491
2172673,67,19492
2172674,67,19494
2172675,67,19495
2172676,67,19497
2172677,67,19498
2172678,67,19499
2172679,67,19500
2172680,67,19502
2172681,67,19504
2172682,67,19505
2172683,67,19528
2172684,67,19539
2172685,67,19560
2172686,67,19561
2172687,67,19562
2172688,67,19563
2172689,67,19565
2172690,67,19566
2172691,67,19705
2172692,67,19703
2172693,67,19701
2172694,67,19697
2172695,67,19690
2172696,67,18973
2172697,67,18974
2172698,67,18975
2172699,67,18976
2172700,67,18977
2172701,67,18978
2172702,67,18979
2172703,67,18980
2172704,67,18981
2172705,67,18982
2172706,67,18983
2172707,67,18984
2172708,67,18985
2172709,67,18986
2172710,67,18987
2172711,67,19070
2172712,67,19071
2245709,3/3a,19489
2245710,3/3a,19491
2245711,3/3a,19492
2245712,3/3a,19494
2245713,3/3a,19495
2245714,3/3a,19497
2245715,3/3a,19498
2245716,3/3a,19499
2245717,3/3a,19500
2245718,3/3a,19502
2245719,3/3a,19504
2245720,3/3a,19505
2245721,3/3a,19528
2245722,3/3a,19539
2245723,3/3a,19560
2245724,3/3a,19561
2245725,3/3a,19562
2245726,3/3a,19563
2245727,3/3a,19565
2245728,3/3a,19566
2245729,3/3a,19705
2245730,3/3a,19703
2245731,3/3a,19701
2245732,3/3a,19697
2245733,3/3a,19690
2245734,3/3a,18620
2245735,3/3a,18619
2245736,3/3a,18632
2245737,3/3a,18633
2245738,3/3a,18634
2245739,3/3a,18635
2245740,3/3a,18636
2245741,3/3a,18637
2245742,3/3a,18638
2245743,3/3a,18639
2245744,3/3a,18640
2245745,3/3a,18641
2245746,3/3a,18645
2245747,3/3a,18646
2245748,3/3a,18647
2245749,3/3a,18648
2245750,3/3a,18649
2245751,3/3a,18650
2245752,3/3a,18651
2245753,3/3a,18652
2245754,3/3a,18653
2245755,3/3a,18654
2245756,3/3a,18655
2245757,3/3a,18656
2245758,3/3a,18657
2245759,3/3a,18451
2245877,3/3a,18452
2245878,3/3a,18453
2245879,3/3a,18454
2245880,3/3a,18455
2245881,3/3a,18456
2245882,3/3a,18457
2245883,3/3a,18460
2245884,3/3a,18461
2245885,3/3a,18462
2245886,3/3a,18463
2245887,3/3a,18464
2245888,3/3a,18468
2245889,3/3a,21060
2245890,3/3a,21059
2245891,3/3a,21058
2245892,3/3a,21057
2245893,3/3a,21042
2245894,3/3a,20648
2245895,3/3a,20647
2245896,3/3a,20599
2245897,3/3a,20598
2245898,3/3a,20597
2245899,3/3a,19115
2245900,3/3a,19118
2245901,3/3a,21963
2245902,3/3a,19698
2245903,3/3a,19700
2245904,3/3a,19702
2245905,3/3a,19704
2245906,3/3a,19568
2245907,3/3a,19569
2245908,3/3a,19571
2245909,3/3a,19572
2245910,3/3a,19573
2245911,3/3a,19574
2245912,3/3a,19575
2245913,3/3a,19676
2245914,3/3a,19678
2245915,3/3a,19679
2245916,3/3a,19681
2245917,3/3a,19684
2245918,3/3a,19685
2245919,3/3a,19686
2245920,3/3a,19687
2245921,3/3a,19689
2245922,3/3a,19691
2245923,3/3a,19693
2245924,3/3a,19694
2245925,3/3a,19696
2254454,3/3a,19119
2254455,3/3a,19135
2254456,3/3a,19136
2254457,3/3a,20518
2254458,3/3a,20514
2254459,3/3a,20512
2254460,3/3a,20511
2254461,3/3a,20509
2254462,3/3a,22112
2254463,3/3a,22110
2254656,3/3a,22109
2254657,3/3a,22111
2254658,3/3a,20508
2254659,3/3a,20510
2254660,3/3a,20513
2254661,3/3a,20515
2254662,3/3a,20519
2254663,3/3a,18625
2254664,3/3a,18624
2313249,64,19489
2313250,64,19491
2313251,64,19492
2313252,64,19494
2313253,64,19495
2313254,64,19497
2313255,64,19498
2313256,64,19499
2313257,64,19500
2313258,64,19502
2313259,64,19504
2313260,64,19505
2313261,64,19528
2313262,64,19539
2313263,64,19560
2313264,64,19561
2313265,64,19562
2313266,64,19563
2313267,64,19565
2313268,64,19566
2313269,64,19035
2313270,64,19034
2313271,64,19033
2313272,64,19032
2313273,64,19031
2313274,64,19030
2313275,64,19029
2313276,64,19028
2313277,64,19027
2313278,64,19025
2313279,64,19024
2313280,64,19023
2313281,64,19019
2313282,64,19018
2313283,64,19017
2313284,64,19016
2313285,64,19015
2313286,64,19014
2313287,64,19013
2313288,64,19012
2313289,64,19011
2313290,64,19010
2313291,64,19009
2313292,64,19008
2313293,64,19007
2313294,64,19006
2313295,64,19005
2313296,64,19004
2313297,64,19003
2313298,64,19002
2313299,64,19001
2313300,64,19000
2313301,64,18412
2313303,64,18413
2313304,64,18414
2313305,64,18415
2313306,64,18416
2313307,64,18417
2313308,64,18418
2313309,64,18419
2313310,64,18420
2313311,64,18421
2313312,64,18422
2313313,64,18423
2313314,64,18424
2313315,64,18425
2313316,64,18426
2313317,64,18427
2313318,64,18428
2313319,64,18429
2313320,64,18430
2313321,64,18431
2313322,64,18432
2313323,64,46517
2313324,64,18437
2313325,64,18438
2313326,64,18439
2313327,64,18441
2313328,64,18443
2313329,64,18444
2313330,64,18445
2313331,64,18446
2313332,64,18447
2313333,64,18448
2313334,64,18449
2313335,64,19567
2313336,64,19568
2313337,64,19569
2313338,64,19571
2313339,64,19572
2313340,64,19573
2313341,64,19574
2313342,64,19575
2313343,64,19676
2313344,64,19678
2313345,64,19679
2313346,64,19681
2313347,64,19684
2313348,64,19685
2313349,64,19686
2313350,64,19687
2313351,64,19689
2313352,64,19691
2313353,64,19693
2313354,64,19694
2313355,64,19696
2802670,82,18491
2806376,1,19368
2806377,1,19367
2806378,1,19366
2806379,1,19365
2806380,1,19364
2806381,1,19363
2806382,1,19357
2806383,1,19356
2806384,1,19355
2806385,1,19354
2806386,1,19353
2806387,1,19352
2806388,1,19351
2806389,1,19350
2806390,1,19349
2806391,1,19348
2806392,1,19346
2806393,1,19345
2806394,1,19344
2806395,1,19343
2806396,1,19342
2806397,1,19341
2806398,1,19340
2806399,1,19489
2806400,1,19491
2806401,1,19492
2806402,1,19494
2806403,1,19495
2806404,1,19497
2806405,1,19498
2806406,1,19499
2806407,1,19500
2806408,1,18229
2806409,1,18230
2806410,1,18231
2806411,1,18232
2806412,1,19306
2806413,1,19307
2806414,1,19308
2806415,1,19309
2806416,1,19310
2806417,1,19311
2806418,1,19312
2806419,1,19313
2806420,1,19314
2806421,1,18663
2811400,1,18726
2811401,1,18727
2811402,1,18728
2811403,1,18729
2811404,1,18730
2811449,1,18662
2811450,1,18661
2811451,1,18660
2811452,1,18659
2811453,1,18658
2811454,1,18573
2811455,1,18484
2811456,1,18483
2811457,1,18482
2811458,1,18481
2811459,1,18224
2811460,1,18225
2811461,1,18226
2811462,1,18227
2811463,1,19684
2811464,1,19685
2811465,1,19686
2811466,1,19687
2811467,1,19689
2811468,1,19691
2811469,1,19693
2811470,1,19694
2811471,1,19696
2811472,1,18789
2811473,1,18790
2811474,1,18791
2811475,1,18792
2811476,1,18793
2811477,1,18794
2811478,1,18795
2811479,1,18712
2811480,1,18713
2811481,1,18714
2811482,1,18715
2811483,1,18716
2811484,1,18717
2811485,1,18718
2811486,1,18719
2811487,1,18720
2811488,1,18721
3067440,19,17328
3067469,19,16729
